0,1,2,3,4,5,6,7,8,9,10,11,12,13,14,15,16,17,18,19,20,21,22,23,24,25,26,27,28,29,30
0,1.0,0.0,1.0,0.0,1.0,0.0,0.0,1.0,0.0,1.0,0.0,0.0,1.0,0.0,0.0,0.0,0.0,0.0,1.0,1.0,0.0,0.0,0.0,-1.3522468075656267,-0.411450286890989,-1.0052055487323863,-0.7071067811865474,-1.002853072844814,-0.8808182303121718,0.8916825827748316,-0.6630803430756688
1,1.0,0.0,1.0,0.0,1.0,0.0,0.0,1.0,0.0,0.0,1.0,0.0,1.0,0.0,0.0,0.0,0.0,0.0,1.0,1.0,0.0,0.0,0.0,-1.3522468075656267,-0.411450286890989,-1.0052055487323863,-0.7071067811865474,0.6894614875808096,-0.8808182303121718,0.8916825827748316,-0.6630803430756688
2,1.0,0.0,1.0,0.0,1.0,0.0,0.0,1.0,0.0,1.0,0.0,0.0,1.0,0.0,0.0,0.0,0.0,1.0,0.0,1.0,0.0,0.0,0.0,-1.3522468075656267,-0.411450286890989,-1.0052055487323863,-0.7071067811865474,-1.002853072844814,-0.8808182303121718,-0.13478922762875384,-0.6630803430756688
3,0.0,1.0,0.0,1.0,0.0,0.0,1.0,1.0,0.0,1.0,0.0,0.0,0.0,0.0,1.0,0.0,0.0,0.0,1.0,1.0,0.0,0.0,0.0,0.7395099728874519,2.4304272760537486,1.0188354544779101,-0.7071067811865474,-1.002853072844814,1.2288834987419817,0.8916825827748316,-0.6630803430756688
4,0.0,1.0,1.0,0.0,0.0,0.0,1.0,1.0,0.0,0.0,1.0,0.0,1.0,0.0,0.0,1.0,0.0,0.0,0.0,1.0,0.0,0.0,0.0,0.7395099728874519,-0.411450286890989,1.0188354544779101,-0.7071067811865474,0.6894614875808096,-0.8808182303121718,-2.1877328484359246,-0.6630803430756688
5,0.0,1.0,1.0,0.0,0.0,0.0,1.0,1.0,0.0,0.0,1.0,0.0,1.0,0.0,0.0,0.0,0.0,0.0,1.0,0.0,1.0,0.0,0.0,0.7395099728874519,-0.411450286890989,1.0188354544779101,-0.7071067811865474,0.6894614875808096,-0.8808182303121718,0.8916825827748316,0.3734189300478767
6,0.0,1.0,1.0,0.0,0.0,0.0,1.0,0.0,1.0,0.0,0.0,1.0,1.0,0.0,0.0,0.0,0.0,0.0,1.0,0.0,0.0,0.0,1.0,0.7395099728874519,-0.411450286890989,1.0188354544779101,1.414213562373095,2.3817760480064334,-0.8808182303121718,0.8916825827748316,2.4464174762949673
7,0.0,1.0,0.0,1.0,1.0,0.0,0.0,0.0,1.0,0.0,1.0,0.0,1.0,0.0,0.0,0.0,0.0,0.0,1.0,1.0,0.0,0.0,0.0,0.7395099728874519,2.4304272760537486,-1.0052055487323863,1.414213562373095,0.6894614875808096,-0.8808182303121718,0.8916825827748316,-0.6630803430756688
8,1.0,0.0,0.0,1.0,0.0,0.0,1.0,1.0,0.0,0.0,0.0,1.0,1.0,0.0,0.0,0.0,0.0,0.0,1.0,1.0,0.0,0.0,0.0,-1.3522468075656267,2.4304272760537486,1.0188354544779101,-0.7071067811865474,2.3817760480064334,-0.8808182303121718,0.8916825827748316,-0.6630803430756688
9,0.0,1.0,1.0,0.0,1.0,0.0,0.0,1.0,0.0,0.0,1.0,0.0,0.0,0.0,1.0,0.0,0.0,1.0,0.0,0.0,1.0,0.0,0.0,0.7395099728874519,-0.411450286890989,-1.0052055487323863,-0.7071067811865474,0.6894614875808096,1.2288834987419817,-0.13478922762875384,0.3734189300478767
10,1.0,0.0,1.0,0.0,1.0,0.0,0.0,1.0,0.0,0.0,1.0,0.0,1.0,0.0,0.0,0.0,0.0,0.0,1.0,0.0,1.0,0.0,0.0,-1.3522468075656267,-0.411450286890989,-1.0052055487323863,-0.7071067811865474,0.6894614875808096,-0.8808182303121718,0.8916825827748316,0.3734189300478767
11,1.0,0.0,1.0,0.0,1.0,0.0,0.0,0.0,1.0,0.0,1.0,0.0,1.0,0.0,0.0,0.0,1.0,0.0,0.0,1.0,0.0,0.0,0.0,-1.3522468075656267,-0.411450286890989,-1.0052055487323863,1.414213562373095,0.6894614875808096,-0.8808182303121718,-1.1612610380323394,-0.6630803430756688
12,0.0,1.0,1.0,0.0,1.0,0.0,0.0,0.0,1.0,0.0,1.0,0.0,1.0,0.0,0.0,0.0,0.0,1.0,0.0,0.0,1.0,0.0,0.0,0.7395099728874519,-0.411450286890989,-1.0052055487323863,1.414213562373095,0.6894614875808096,-0.8808182303121718,-0.13478922762875384,0.3734189300478767
13,0.0,1.0,0.0,1.0,0.0,0.0,1.0,1.0,0.0,0.0,1.0,0.0,0.0,0.0,1.0,0.0,0.0,1.0,0.0,1.0,0.0,0.0,0.0,0.7395099728874519,2.4304272760537486,1.0188354544779101,-0.7071067811865474,0.6894614875808096,1.2288834987419817,-0.13478922762875384,-0.6630803430756688
14,0.0,1.0,0.0,1.0,1.0,0.0,0.0,0.0,1.0,0.0,0.0,1.0,1.0,0.0,0.0,0.0,0.0,1.0,0.0,1.0,0.0,0.0,0.0,0.7395099728874519,2.4304272760537486,-1.0052055487323863,1.414213562373095,2.3817760480064334,-0.8808182303121718,-0.13478922762875384,-0.6630803430756688
15,0.0,1.0,1.0,0.0,0.0,0.0,1.0,1.0,0.0,0.0,1.0,0.0,0.0,1.0,0.0,0.0,0.0,0.0,1.0,1.0,0.0,0.0,0.0,0.7395099728874519,-0.411450286890989,1.0188354544779101,-0.7071067811865474,0.6894614875808096,0.17403263421490495,0.8916825827748316,-0.6630803430756688
16,1.0,0.0,1.0,0.0,1.0,0.0,0.0,0.0,1.0,0.0,1.0,0.0,0.0,0.0,1.0,0.0,0.0,0.0,1.0,1.0,0.0,0.0,0.0,-1.3522468075656267,-0.411450286890989,-1.0052055487323863,1.414213562373095,0.6894614875808096,1.2288834987419817,0.8916825827748316,-0.6630803430756688
17,0.0,1.0,0.0,1.0,1.0,0.0,0.0,1.0,0.0,0.0,1.0,0.0,1.0,0.0,0.0,1.0,0.0,0.0,0.0,1.0,0.0,0.0,0.0,0.7395099728874519,2.4304272760537486,-1.0052055487323863,-0.7071067811865474,0.6894614875808096,-0.8808182303121718,-2.1877328484359246,-0.6630803430756688
18,0.0,1.0,1.0,0.0,1.0,0.0,0.0,1.0,0.0,1.0,0.0,0.0,0.0,0.0,1.0,0.0,0.0,1.0,0.0,1.0,0.0,0.0,0.0,0.7395099728874519,-0.411450286890989,-1.0052055487323863,-0.7071067811865474,-1.002853072844814,1.2288834987419817,-0.13478922762875384,-0.6630803430756688
19,0.0,1.0,0.0,1.0,1.0,0.0,0.0,0.0,1.0,1.0,0.0,0.0,1.0,0.0,0.0,0.0,0.0,0.0,1.0,1.0,0.0,0.0,0.0,0.7395099728874519,2.4304272760537486,-1.0052055487323863,1.414213562373095,-1.002853072844814,-0.8808182303121718,0.8916825827748316,-0.6630803430756688
20,0.0,1.0,1.0,0.0,0.0,0.0,1.0,0.0,1.0,1.0,0.0,0.0,1.0,0.0,0.0,0.0,0.0,0.0,1.0,1.0,0.0,0.0,0.0,0.7395099728874519,-0.411450286890989,1.0188354544779101,1.414213562373095,-1.002853072844814,-0.8808182303121718,0.8916825827748316,-0.6630803430756688
21,0.0,1.0,1.0,0.0,0.0,0.0,1.0,1.0,0.0,1.0,0.0,0.0,0.0,0.0,1.0,0.0,0.0,1.0,0.0,0.0,0.0,1.0,0.0,0.7395099728874519,-0.411450286890989,1.0188354544779101,-0.7071067811865474,-1.002853072844814,1.2288834987419817,-0.13478922762875384,1.4099182031714221
22,0.0,1.0,0.0,1.0,0.0,0.0,1.0,1.0,0.0,1.0,0.0,0.0,0.0,0.0,1.0,0.0,0.0,0.0,1.0,0.0,0.0,0.0,1.0,0.7395099728874519,2.4304272760537486,1.0188354544779101,-0.7071067811865474,-1.002853072844814,1.2288834987419817,0.8916825827748316,2.4464174762949673
23,1.0,0.0,1.0,0.0,1.0,0.0,0.0,1.0,0.0,1.0,0.0,0.0,1.0,0.0,0.0,0.0,0.0,0.0,1.0,0.0,0.0,1.0,0.0,-1.3522468075656267,-0.411450286890989,-1.0052055487323863,-0.7071067811865474,-1.002853072844814,-0.8808182303121718,0.8916825827748316,1.4099182031714221
24,0.0,1.0,1.0,0.0,1.0,0.0,0.0,0.0,1.0,0.0,1.0,0.0,1.0,0.0,0.0,0.0,0.0,0.0,1.0,1.0,0.0,0.0,0.0,0.7395099728874519,-0.411450286890989,-1.0052055487323863,1.414213562373095,0.6894614875808096,-0.8808182303121718,0.8916825827748316,-0.6630803430756688
25,1.0,0.0,1.0,0.0,1.0,0.0,0.0,0.0,1.0,1.0,0.0,0.0,1.0,0.0,0.0,0.0,0.0,0.0,1.0,0.0,1.0,0.0,0.0,-1.3522468075656267,-0.411450286890989,-1.0052055487323863,1.414213562373095,-1.002853072844814,-0.8808182303121718,0.8916825827748316,0.3734189300478767
26,0.0,1.0,1.0,0.0,1.0,0.0,0.0,1.0,0.0,0.0,1.0,0.0,1.0,0.0,0.0,0.0,0.0,1.0,0.0,1.0,0.0,0.0,0.0,0.7395099728874519,-0.411450286890989,-1.0052055487323863,-0.7071067811865474,0.6894614875808096,-0.8808182303121718,-0.13478922762875384,-0.6630803430756688
27,0.0,1.0,1.0,0.0,0.0,0.0,1.0,1.0,0.0,0.0,1.0,0.0,0.0,0.0,1.0,0.0,0.0,1.0,0.0,1.0,0.0,0.0,0.0,0.7395099728874519,-0.411450286890989,1.0188354544779101,-0.7071067811865474,0.6894614875808096,1.2288834987419817,-0.13478922762875384,-0.6630803430756688
28,0.0,1.0,1.0,0.0,0.0,0.0,1.0,1.0,0.0,0.0,1.0,0.0,1.0,0.0,0.0,0.0,0.0,0.0,1.0,1.0,0.0,0.0,0.0,0.7395099728874519,-0.411450286890989,1.0188354544779101,-0.7071067811865474,0.6894614875808096,-0.8808182303121718,0.8916825827748316,-0.6630803430756688
29,0.0,1.0,1.0,0.0,1.0,0.0,0.0,0.0,1.0,1.0,0.0,0.0,0.0,0.0,1.0,0.0,0.0,0.0,1.0,1.0,0.0,0.0,0.0,0.7395099728874519,-0.411450286890989,-1.0052055487323863,1.414213562373095,-1.002853072844814,1.2288834987419817,0.8916825827748316,-0.6630803430756688
30,0.0,1.0,1.0,0.0,0.0,0.0,1.0,1.0,0.0,0.0,1.0,0.0,1.0,0.0,0.0,0.0,0.0,1.0,0.0,1.0,0.0,0.0,0.0,0.7395099728874519,-0.411450286890989,1.0188354544779101,-0.7071067811865474,0.6894614875808096,-0.8808182303121718,-0.13478922762875384,-0.6630803430756688
31,1.0,0.0,1.0,0.0,1.0,0.0,0.0,1.0,0.0,1.0,0.0,0.0,0.0,0.0,1.0,0.0,0.0,0.0,1.0,0.0,1.0,0.0,0.0,-1.3522468075656267,-0.411450286890989,-1.0052055487323863,-0.7071067811865474,-1.002853072844814,1.2288834987419817,0.8916825827748316,0.3734189300478767
32,1.0,0.0,1.0,0.0,0.0,1.0,0.0,1.0,0.0,0.0,1.0,0.0,0.0,0.0,1.0,0.0,1.0,0.0,0.0,1.0,0.0,0.0,0.0,-1.3522468075656267,-0.411450286890989,0.0068149528727619105,-0.7071067811865474,0.6894614875808096,1.2288834987419817,-1.1612610380323394,-0.6630803430756688
33,0.0,1.0,0.0,1.0,1.0,0.0,0.0,0.0,1.0,1.0,0.0,0.0,0.0,0.0,1.0,0.0,0.0,1.0,0.0,1.0,0.0,0.0,0.0,0.7395099728874519,2.4304272760537486,-1.0052055487323863,1.414213562373095,-1.002853072844814,1.2288834987419817,-0.13478922762875384,-0.6630803430756688
34,0.0,1.0,1.0,0.0,1.0,0.0,0.0,1.0,0.0,0.0,1.0,0.0,1.0,0.0,0.0,0.0,0.0,1.0,0.0,0.0,1.0,0.0,0.0,0.7395099728874519,-0.411450286890989,-1.0052055487323863,-0.7071067811865474,0.6894614875808096,-0.8808182303121718,-0.13478922762875384,0.3734189300478767
35,1.0,0.0,1.0,0.0,1.0,0.0,0.0,1.0,0.0,0.0,1.0,0.0,1.0,0.0,0.0,0.0,0.0,1.0,0.0,0.0,0.0,0.0,1.0,-1.3522468075656267,-0.411450286890989,-1.0052055487323863,-0.7071067811865474,0.6894614875808096,-0.8808182303121718,-0.13478922762875384,2.4464174762949673
36,1.0,0.0,1.0,0.0,1.0,0.0,0.0,0.0,1.0,1.0,0.0,0.0,0.0,0.0,1.0,0.0,0.0,1.0,0.0,0.0,1.0,0.0,0.0,-1.3522468075656267,-0.411450286890989,-1.0052055487323863,1.414213562373095,-1.002853072844814,1.2288834987419817,-0.13478922762875384,0.3734189300478767
37,0.0,1.0,1.0,0.0,1.0,0.0,0.0,1.0,0.0,0.0,1.0,0.0,1.0,0.0,0.0,0.0,1.0,0.0,0.0,1.0,0.0,0.0,0.0,0.7395099728874519,-0.411450286890989,-1.0052055487323863,-0.7071067811865474,0.6894614875808096,-0.8808182303121718,-1.1612610380323394,-0.6630803430756688
38,0.0,1.0,1.0,0.0,1.0,0.0,0.0,0.0,1.0,1.0,0.0,0.0,1.0,0.0,0.0,0.0,0.0,1.0,0.0,1.0,0.0,0.0,0.0,0.7395099728874519,-0.411450286890989,-1.0052055487323863,1.414213562373095,-1.002853072844814,-0.8808182303121718,-0.13478922762875384,-0.6630803430756688
39,1.0,0.0,1.0,0.0,1.0,0.0,0.0,1.0,0.0,0.0,1.0,0.0,0.0,0.0,1.0,0.0,0.0,1.0,0.0,1.0,0.0,0.0,0.0,-1.3522468075656267,-0.411450286890989,-1.0052055487323863,-0.7071067811865474,0.6894614875808096,1.2288834987419817,-0.13478922762875384,-0.6630803430756688
40,0.0,1.0,1.0,0.0,1.0,0.0,0.0,1.0,0.0,0.0,0.0,1.0,0.0,1.0,0.0,0.0,0.0,0.0,1.0,0.0,0.0,1.0,0.0,0.7395099728874519,-0.411450286890989,-1.0052055487323863,-0.7071067811865474,2.3817760480064334,0.17403263421490495,0.8916825827748316,1.4099182031714221
41,1.0,0.0,1.0,0.0,0.0,0.0,1.0,1.0,0.0,0.0,1.0,0.0,0.0,0.0,1.0,0.0,0.0,1.0,0.0,0.0,1.0,0.0,0.0,-1.3522468075656267,-0.411450286890989,1.0188354544779101,-0.7071067811865474,0.6894614875808096,1.2288834987419817,-0.13478922762875384,0.3734189300478767
42,0.0,1.0,1.0,0.0,0.0,0.0,1.0,1.0,0.0,0.0,1.0,0.0,1.0,0.0,0.0,0.0,1.0,0.0,0.0,1.0,0.0,0.0,0.0,0.7395099728874519,-0.411450286890989,1.0188354544779101,-0.7071067811865474,0.6894614875808096,-0.8808182303121718,-1.1612610380323394,-0.6630803430756688
43,1.0,0.0,1.0,0.0,1.0,0.0,0.0,1.0,0.0,0.0,0.0,1.0,1.0,0.0,0.0,0.0,0.0,1.0,0.0,1.0,0.0,0.0,0.0,-1.3522468075656267,-0.411450286890989,-1.0052055487323863,-0.7071067811865474,2.3817760480064334,-0.8808182303121718,-0.13478922762875384,-0.6630803430756688
44,0.0,1.0,0.0,1.0,1.0,0.0,0.0,1.0,0.0,1.0,0.0,0.0,0.0,0.0,1.0,0.0,0.0,0.0,1.0,1.0,0.0,0.0,0.0,0.7395099728874519,2.4304272760537486,-1.0052055487323863,-0.7071067811865474,-1.002853072844814,1.2288834987419817,0.8916825827748316,-0.6630803430756688
45,1.0,0.0,1.0,0.0,1.0,0.0,0.0,1.0,0.0,1.0,0.0,0.0,0.0,1.0,0.0,0.0,0.0,1.0,0.0,1.0,0.0,0.0,0.0,-1.3522468075656267,-0.411450286890989,-1.0052055487323863,-0.7071067811865474,-1.002853072844814,0.17403263421490495,-0.13478922762875384,-0.6630803430756688
46,0.0,1.0,0.0,1.0,1.0,0.0,0.0,1.0,0.0,0.0,1.0,0.0,1.0,0.0,0.0,0.0,0.0,0.0,1.0,1.0,0.0,0.0,0.0,0.7395099728874519,2.4304272760537486,-1.0052055487323863,-0.7071067811865474,0.6894614875808096,-0.8808182303121718,0.8916825827748316,-0.6630803430756688
47,0.0,1.0,1.0,0.0,0.0,0.0,1.0,0.0,1.0,1.0,0.0,0.0,0.0,0.0,1.0,0.0,0.0,1.0,0.0,1.0,0.0,0.0,0.0,0.7395099728874519,-0.411450286890989,1.0188354544779101,1.414213562373095,-1.002853072844814,1.2288834987419817,-0.13478922762875384,-0.6630803430756688
48,0.0,1.0,1.0,0.0,0.0,0.0,1.0,1.0,0.0,0.0,1.0,0.0,1.0,0.0,0.0,0.0,0.0,0.0,1.0,1.0,0.0,0.0,0.0,0.7395099728874519,-0.411450286890989,1.0188354544779101,-0.7071067811865474,0.6894614875808096,-0.8808182303121718,0.8916825827748316,-0.6630803430756688
49,0.0,1.0,1.0,0.0,0.0,0.0,1.0,1.0,0.0,0.0,1.0,0.0,1.0,0.0,0.0,1.0,0.0,0.0,0.0,1.0,0.0,0.0,0.0,0.7395099728874519,-0.411450286890989,1.0188354544779101,-0.7071067811865474,0.6894614875808096,-0.8808182303121718,-2.1877328484359246,-0.6630803430756688
50,0.0,1.0,1.0,0.0,0.0,0.0,1.0,1.0,0.0,0.0,1.0,0.0,0.0,0.0,1.0,0.0,0.0,0.0,1.0,1.0,0.0,0.0,0.0,0.7395099728874519,-0.411450286890989,1.0188354544779101,-0.7071067811865474,0.6894614875808096,1.2288834987419817,0.8916825827748316,-0.6630803430756688
51,0.0,1.0,1.0,0.0,0.0,0.0,1.0,1.0,0.0,1.0,0.0,0.0,1.0,0.0,0.0,0.0,0.0,0.0,1.0,0.0,0.0,1.0,0.0,0.7395099728874519,-0.411450286890989,1.0188354544779101,-0.7071067811865474,-1.002853072844814,-0.8808182303121718,0.8916825827748316,1.4099182031714221
52,1.0,0.0,1.0,0.0,1.0,0.0,0.0,1.0,0.0,0.0,1.0,0.0,0.0,0.0,1.0,1.0,0.0,0.0,0.0,0.0,1.0,0.0,0.0,-1.3522468075656267,-0.411450286890989,-1.0052055487323863,-0.7071067811865474,0.6894614875808096,1.2288834987419817,-2.1877328484359246,0.3734189300478767
53,1.0,0.0,1.0,0.0,1.0,0.0,0.0,0.0,1.0,0.0,1.0,0.0,1.0,0.0,0.0,0.0,0.0,1.0,0.0,0.0,0.0,1.0,0.0,-1.3522468075656267,-0.411450286890989,-1.0052055487323863,1.414213562373095,0.6894614875808096,-0.8808182303121718,-0.13478922762875384,1.4099182031714221
54,1.0,0.0,1.0,0.0,1.0,0.0,0.0,1.0,0.0,1.0,0.0,0.0,0.0,1.0,0.0,0.0,0.0,0.0,1.0,0.0,1.0,0.0,0.0,-1.3522468075656267,-0.411450286890989,-1.0052055487323863,-0.7071067811865474,-1.002853072844814,0.17403263421490495,0.8916825827748316,0.3734189300478767
55,0.0,1.0,1.0,0.0,1.0,0.0,0.0,0.0,1.0,1.0,0.0,0.0,1.0,0.0,0.0,0.0,0.0,0.0,1.0,1.0,0.0,0.0,0.0,0.7395099728874519,-0.411450286890989,-1.0052055487323863,1.414213562373095,-1.002853072844814,-0.8808182303121718,0.8916825827748316,-0.6630803430756688
56,1.0,0.0,1.0,0.0,1.0,0.0,0.0,1.0,0.0,0.0,1.0,0.0,0.0,0.0,1.0,0.0,0.0,1.0,0.0,1.0,0.0,0.0,0.0,-1.3522468075656267,-0.411450286890989,-1.0052055487323863,-0.7071067811865474,0.6894614875808096,1.2288834987419817,-0.13478922762875384,-0.6630803430756688
57,0.0,1.0,1.0,0.0,1.0,0.0,0.0,1.0,0.0,1.0,0.0,0.0,0.0,0.0,1.0,0.0,1.0,0.0,0.0,1.0,0.0,0.0,0.0,0.7395099728874519,-0.411450286890989,-1.0052055487323863,-0.7071067811865474,-1.002853072844814,1.2288834987419817,-1.1612610380323394,-0.6630803430756688
58,0.0,1.0,1.0,0.0,0.0,0.0,1.0,0.0,1.0,1.0,0.0,0.0,1.0,0.0,0.0,0.0,0.0,0.0,1.0,0.0,1.0,0.0,0.0,0.7395099728874519,-0.411450286890989,1.0188354544779101,1.414213562373095,-1.002853072844814,-0.8808182303121718,0.8916825827748316,0.3734189300478767
59,1.0,0.0,1.0,0.0,1.0,0.0,0.0,1.0,0.0,1.0,0.0,0.0,1.0,0.0,0.0,0.0,0.0,0.0,1.0,1.0,0.0,0.0,0.0,-1.3522468075656267,-0.411450286890989,-1.0052055487323863,-0.7071067811865474,-1.002853072844814,-0.8808182303121718,0.8916825827748316,-0.6630803430756688
60,0.0,1.0,1.0,0.0,0.0,0.0,1.0,1.0,0.0,1.0,0.0,0.0,0.0,0.0,1.0,0.0,0.0,1.0,0.0,0.0,1.0,0.0,0.0,0.7395099728874519,-0.411450286890989,1.0188354544779101,-0.7071067811865474,-1.002853072844814,1.2288834987419817,-0.13478922762875384,0.3734189300478767
61,0.0,1.0,0.0,1.0,0.0,0.0,1.0,0.0,1.0,0.0,1.0,0.0,0.0,1.0,0.0,0.0,0.0,0.0,1.0,0.0,1.0,0.0,0.0,0.7395099728874519,2.4304272760537486,1.0188354544779101,1.414213562373095,0.6894614875808096,0.17403263421490495,0.8916825827748316,0.3734189300478767
62,0.0,1.0,1.0,0.0,1.0,0.0,0.0,1.0,0.0,1.0,0.0,0.0,1.0,0.0,0.0,0.0,0.0,0.0,1.0,1.0,0.0,0.0,0.0,0.7395099728874519,-0.411450286890989,-1.0052055487323863,-0.7071067811865474,-1.002853072844814,-0.8808182303121718,0.8916825827748316,-0.6630803430756688
63,0.0,1.0,1.0,0.0,0.0,0.0,1.0,1.0,0.0,1.0,0.0,0.0,1.0,0.0,0.0,0.0,0.0,0.0,1.0,0.0,0.0,1.0,0.0,0.7395099728874519,-0.411450286890989,1.0188354544779101,-0.7071067811865474,-1.002853072844814,-0.8808182303121718,0.8916825827748316,1.4099182031714221
64,0.0,1.0,1.0,0.0,0.0,0.0,1.0,1.0,0.0,1.0,0.0,0.0,1.0,0.0,0.0,0.0,0.0,0.0,1.0,0.0,1.0,0.0,0.0,0.7395099728874519,-0.411450286890989,1.0188354544779101,-0.7071067811865474,-1.002853072844814,-0.8808182303121718,0.8916825827748316,0.3734189300478767
65,0.0,1.0,1.0,0.0,1.0,0.0,0.0,1.0,0.0,0.0,1.0,0.0,0.0,0.0,1.0,0.0,0.0,1.0,0.0,1.0,0.0,0.0,0.0,0.7395099728874519,-0.411450286890989,-1.0052055487323863,-0.7071067811865474,0.6894614875808096,1.2288834987419817,-0.13478922762875384,-0.6630803430756688
66,1.0,0.0,1.0,0.0,0.0,1.0,0.0,1.0,0.0,0.0,1.0,0.0,0.0,0.0,1.0,0.0,0.0,1.0,0.0,0.0,1.0,0.0,0.0,-1.3522468075656267,-0.411450286890989,0.0068149528727619105,-0.7071067811865474,0.6894614875808096,1.2288834987419817,-0.13478922762875384,0.3734189300478767
67,0.0,1.0,1.0,0.0,0.0,0.0,1.0,1.0,0.0,0.0,1.0,0.0,1.0,0.0,0.0,0.0,0.0,0.0,1.0,0.0,1.0,0.0,0.0,0.7395099728874519,-0.411450286890989,1.0188354544779101,-0.7071067811865474,0.6894614875808096,-0.8808182303121718,0.8916825827748316,0.3734189300478767
68,0.0,1.0,0.0,1.0,0.0,0.0,1.0,1.0,0.0,1.0,0.0,0.0,0.0,0.0,1.0,0.0,0.0,1.0,0.0,0.0,1.0,0.0,0.0,0.7395099728874519,2.4304272760537486,1.0188354544779101,-0.7071067811865474,-1.002853072844814,1.2288834987419817,-0.13478922762875384,0.3734189300478767
69,0.0,1.0,1.0,0.0,0.0,0.0,1.0,0.0,1.0,0.0,1.0,0.0,0.0,0.0,1.0,0.0,1.0,0.0,0.0,1.0,0.0,0.0,0.0,0.7395099728874519,-0.411450286890989,1.0188354544779101,1.414213562373095,0.6894614875808096,1.2288834987419817,-1.1612610380323394,-0.6630803430756688
70,0.0,1.0,1.0,0.0,0.0,0.0,1.0,1.0,0.0,1.0,0.0,0.0,1.0,0.0,0.0,0.0,0.0,0.0,1.0,0.0,0.0,0.0,1.0,0.7395099728874519,-0.411450286890989,1.0188354544779101,-0.7071067811865474,-1.002853072844814,-0.8808182303121718,0.8916825827748316,2.4464174762949673
71,0.0,1.0,1.0,0.0,1.0,0.0,0.0,1.0,0.0,0.0,1.0,0.0,1.0,0.0,0.0,0.0,0.0,0.0,1.0,1.0,0.0,0.0,0.0,0.7395099728874519,-0.411450286890989,-1.0052055487323863,-0.7071067811865474,0.6894614875808096,-0.8808182303121718,0.8916825827748316,-0.6630803430756688
72,1.0,0.0,1.0,0.0,1.0,0.0,0.0,1.0,0.0,1.0,0.0,0.0,0.0,0.0,1.0,1.0,0.0,0.0,0.0,0.0,1.0,0.0,0.0,-1.3522468075656267,-0.411450286890989,-1.0052055487323863,-0.7071067811865474,-1.002853072844814,1.2288834987419817,-2.1877328484359246,0.3734189300478767
73,0.0,1.0,1.0,0.0,1.0,0.0,0.0,1.0,0.0,0.0,1.0,0.0,1.0,0.0,0.0,0.0,0.0,1.0,0.0,1.0,0.0,0.0,0.0,0.7395099728874519,-0.411450286890989,-1.0052055487323863,-0.7071067811865474,0.6894614875808096,-0.8808182303121718,-0.13478922762875384,-0.6630803430756688
74,0.0,1.0,1.0,0.0,1.0,0.0,0.0,0.0,1.0,0.0,1.0,0.0,0.0,0.0,1.0,0.0,0.0,1.0,0.0,0.0,0.0,0.0,1.0,0.7395099728874519,-0.411450286890989,-1.0052055487323863,1.414213562373095,0.6894614875808096,1.2288834987419817,-0.13478922762875384,2.4464174762949673
75,1.0,0.0,1.0,0.0,0.0,0.0,1.0,1.0,0.0,1.0,0.0,0.0,0.0,0.0,1.0,0.0,0.0,0.0,1.0,0.0,0.0,0.0,1.0,-1.3522468075656267,-0.411450286890989,1.0188354544779101,-0.7071067811865474,-1.002853072844814,1.2288834987419817,0.8916825827748316,2.4464174762949673
76,1.0,0.0,1.0,0.0,1.0,0.0,0.0,1.0,0.0,1.0,0.0,0.0,0.0,1.0,0.0,0.0,0.0,0.0,1.0,1.0,0.0,0.0,0.0,-1.3522468075656267,-0.411450286890989,-1.0052055487323863,-0.7071067811865474,-1.002853072844814,0.17403263421490495,0.8916825827748316,-0.6630803430756688
77,1.0,0.0,1.0,0.0,0.0,0.0,1.0,0.0,1.0,1.0,0.0,0.0,0.0,0.0,1.0,1.0,0.0,0.0,0.0,1.0,0.0,0.0,0.0,-1.3522468075656267,-0.411450286890989,1.0188354544779101,1.414213562373095,-1.002853072844814,1.2288834987419817,-2.1877328484359246,-0.6630803430756688
78,1.0,0.0,1.0,0.0,0.0,0.0,1.0,1.0,0.0,1.0,0.0,0.0,0.0,0.0,1.0,0.0,0.0,1.0,0.0,1.0,0.0,0.0,0.0,-1.3522468075656267,-0.411450286890989,1.0188354544779101,-0.7071067811865474,-1.002853072844814,1.2288834987419817,-0.13478922762875384,-0.6630803430756688
79,0.0,1.0,0.0,1.0,1.0,0.0,0.0,1.0,0.0,0.0,1.0,0.0,0.0,1.0,0.0,0.0,0.0,0.0,1.0,1.0,0.0,0.0,0.0,0.7395099728874519,2.4304272760537486,-1.0052055487323863,-0.7071067811865474,0.6894614875808096,0.17403263421490495,0.8916825827748316,-0.6630803430756688
80,0.0,1.0,1.0,0.0,1.0,0.0,0.0,1.0,0.0,1.0,0.0,0.0,1.0,0.0,0.0,0.0,1.0,0.0,0.0,1.0,0.0,0.0,0.0,0.7395099728874519,-0.411450286890989,-1.0052055487323863,-0.7071067811865474,-1.002853072844814,-0.8808182303121718,-1.1612610380323394,-0.6630803430756688
81,0.0,1.0,0.0,1.0,0.0,0.0,1.0,1.0,0.0,0.0,1.0,0.0,0.0,0.0,1.0,0.0,0.0,0.0,1.0,1.0,0.0,0.0,0.0,0.7395099728874519,2.4304272760537486,1.0188354544779101,-0.7071067811865474,0.6894614875808096,1.2288834987419817,0.8916825827748316,-0.6630803430756688
82,0.0,1.0,1.0,0.0,1.0,0.0,0.0,1.0,0.0,0.0,1.0,0.0,0.0,0.0,1.0,0.0,0.0,1.0,0.0,1.0,0.0,0.0,0.0,0.7395099728874519,-0.411450286890989,-1.0052055487323863,-0.7071067811865474,0.6894614875808096,1.2288834987419817,-0.13478922762875384,-0.6630803430756688
83,1.0,0.0,1.0,0.0,0.0,0.0,1.0,1.0,0.0,1.0,0.0,0.0,0.0,0.0,1.0,0.0,1.0,0.0,0.0,0.0,0.0,1.0,0.0,-1.3522468075656267,-0.411450286890989,1.0188354544779101,-0.7071067811865474,-1.002853072844814,1.2288834987419817,-1.1612610380323394,1.4099182031714221
84,0.0,1.0,1.0,0.0,0.0,0.0,1.0,1.0,0.0,0.0,1.0,0.0,1.0,0.0,0.0,0.0,0.0,0.0,1.0,1.0,0.0,0.0,0.0,0.7395099728874519,-0.411450286890989,1.0188354544779101,-0.7071067811865474,0.6894614875808096,-0.8808182303121718,0.8916825827748316,-0.6630803430756688
85,0.0,1.0,0.0,1.0,1.0,0.0,0.0,0.0,1.0,1.0,0.0,0.0,0.0,0.0,1.0,0.0,1.0,0.0,0.0,1.0,0.0,0.0,0.0,0.7395099728874519,2.4304272760537486,-1.0052055487323863,1.414213562373095,-1.002853072844814,1.2288834987419817,-1.1612610380323394,-0.6630803430756688
86,1.0,0.0,1.0,0.0,1.0,0.0,0.0,1.0,0.0,0.0,1.0,0.0,1.0,0.0,0.0,0.0,0.0,1.0,0.0,0.0,1.0,0.0,0.0,-1.3522468075656267,-0.411450286890989,-1.0052055487323863,-0.7071067811865474,0.6894614875808096,-0.8808182303121718,-0.13478922762875384,0.3734189300478767
87,1.0,0.0,0.0,1.0,0.0,0.0,1.0,1.0,0.0,0.0,0.0,1.0,1.0,0.0,0.0,0.0,0.0,0.0,1.0,1.0,0.0,0.0,0.0,-1.3522468075656267,2.4304272760537486,1.0188354544779101,-0.7071067811865474,2.3817760480064334,-0.8808182303121718,0.8916825827748316,-0.6630803430756688
88,0.0,1.0,1.0,0.0,1.0,0.0,0.0,1.0,0.0,0.0,1.0,0.0,0.0,0.0,1.0,0.0,0.0,1.0,0.0,1.0,0.0,0.0,0.0,0.7395099728874519,-0.411450286890989,-1.0052055487323863,-0.7071067811865474,0.6894614875808096,1.2288834987419817,-0.13478922762875384,-0.6630803430756688
89,1.0,0.0,1.0,0.0,1.0,0.0,0.0,1.0,0.0,1.0,0.0,0.0,0.0,0.0,1.0,0.0,1.0,0.0,0.0,0.0,1.0,0.0,0.0,-1.3522468075656267,-0.411450286890989,-1.0052055487323863,-0.7071067811865474,-1.002853072844814,1.2288834987419817,-1.1612610380323394,0.3734189300478767
90,0.0,1.0,1.0,0.0,0.0,0.0,1.0,1.0,0.0,0.0,1.0,0.0,1.0,0.0,0.0,1.0,0.0,0.0,0.0,0.0,1.0,0.0,0.0,0.7395099728874519,-0.411450286890989,1.0188354544779101,-0.7071067811865474,0.6894614875808096,-0.8808182303121718,-2.1877328484359246,0.3734189300478767
91,0.0,1.0,1.0,0.0,0.0,0.0,1.0,1.0,0.0,1.0,0.0,0.0,1.0,0.0,0.0,0.0,1.0,0.0,0.0,1.0,0.0,0.0,0.0,0.7395099728874519,-0.411450286890989,1.0188354544779101,-0.7071067811865474,-1.002853072844814,-0.8808182303121718,-1.1612610380323394,-0.6630803430756688
92,0.0,1.0,1.0,0.0,0.0,0.0,1.0,0.0,1.0,0.0,1.0,0.0,0.0,1.0,0.0,0.0,0.0,0.0,1.0,1.0,0.0,0.0,0.0,0.7395099728874519,-0.411450286890989,1.0188354544779101,1.414213562373095,0.6894614875808096,0.17403263421490495,0.8916825827748316,-0.6630803430756688
93,1.0,0.0,1.0,0.0,0.0,0.0,1.0,1.0,0.0,1.0,0.0,0.0,0.0,1.0,0.0,0.0,0.0,0.0,1.0,1.0,0.0,0.0,0.0,-1.3522468075656267,-0.411450286890989,1.0188354544779101,-0.7071067811865474,-1.002853072844814,0.17403263421490495,0.8916825827748316,-0.6630803430756688
94,0.0,1.0,1.0,0.0,0.0,0.0,1.0,1.0,0.0,0.0,1.0,0.0,1.0,0.0,0.0,0.0,0.0,1.0,0.0,0.0,1.0,0.0,0.0,0.7395099728874519,-0.411450286890989,1.0188354544779101,-0.7071067811865474,0.6894614875808096,-0.8808182303121718,-0.13478922762875384,0.3734189300478767
95,0.0,1.0,1.0,0.0,1.0,0.0,0.0,1.0,0.0,0.0,1.0,0.0,0.0,0.0,1.0,0.0,0.0,0.0,1.0,0.0,1.0,0.0,0.0,0.7395099728874519,-0.411450286890989,-1.0052055487323863,-0.7071067811865474,0.6894614875808096,1.2288834987419817,0.8916825827748316,0.3734189300478767
96,0.0,1.0,1.0,0.0,0.0,0.0,1.0,1.0,0.0,0.0,1.0,0.0,0.0,0.0,1.0,0.0,0.0,1.0,0.0,1.0,0.0,0.0,0.0,0.7395099728874519,-0.411450286890989,1.0188354544779101,-0.7071067811865474,0.6894614875808096,1.2288834987419817,-0.13478922762875384,-0.6630803430756688
97,0.0,1.0,1.0,0.0,0.0,0.0,1.0,0.0,1.0,0.0,1.0,0.0,0.0,0.0,1.0,0.0,0.0,1.0,0.0,0.0,0.0,0.0,1.0,0.7395099728874519,-0.411450286890989,1.0188354544779101,1.414213562373095,0.6894614875808096,1.2288834987419817,-0.13478922762875384,2.4464174762949673
98,0.0,1.0,1.0,0.0,0.0,0.0,1.0,1.0,0.0,0.0,1.0,0.0,0.0,0.0,1.0,0.0,0.0,0.0,1.0,1.0,0.0,0.0,0.0,0.7395099728874519,-0.411450286890989,1.0188354544779101,-0.7071067811865474,0.6894614875808096,1.2288834987419817,0.8916825827748316,-0.6630803430756688
99,1.0,0.0,1.0,0.0,1.0,0.0,0.0,0.0,1.0,0.0,1.0,0.0,1.0,0.0,0.0,0.0,0.0,1.0,0.0,1.0,0.0,0.0,0.0,-1.3522468075656267,-0.411450286890989,-1.0052055487323863,1.414213562373095,0.6894614875808096,-0.8808182303121718,-0.13478922762875384,-0.6630803430756688
100,1.0,0.0,1.0,0.0,1.0,0.0,0.0,0.0,1.0,1.0,0.0,0.0,1.0,0.0,0.0,0.0,0.0,0.0,1.0,1.0,0.0,0.0,0.0,-1.3522468075656267,-0.411450286890989,-1.0052055487323863,1.414213562373095,-1.002853072844814,-0.8808182303121718,0.8916825827748316,-0.6630803430756688
101,1.0,0.0,1.0,0.0,0.0,0.0,1.0,1.0,0.0,1.0,0.0,0.0,1.0,0.0,0.0,0.0,0.0,0.0,1.0,0.0,1.0,0.0,0.0,-1.3522468075656267,-0.411450286890989,1.0188354544779101,-0.7071067811865474,-1.002853072844814,-0.8808182303121718,0.8916825827748316,0.3734189300478767
102,0.0,1.0,1.0,0.0,1.0,0.0,0.0,1.0,0.0,0.0,1.0,0.0,0.0,0.0,1.0,0.0,1.0,0.0,0.0,1.0,0.0,0.0,0.0,0.7395099728874519,-0.411450286890989,-1.0052055487323863,-0.7071067811865474,0.6894614875808096,1.2288834987419817,-1.1612610380323394,-0.6630803430756688
103,1.0,0.0,1.0,0.0,0.0,0.0,1.0,1.0,0.0,1.0,0.0,0.0,1.0,0.0,0.0,0.0,0.0,0.0,1.0,1.0,0.0,0.0,0.0,-1.3522468075656267,-0.411450286890989,1.0188354544779101,-0.7071067811865474,-1.002853072844814,-0.8808182303121718,0.8916825827748316,-0.6630803430756688
104,1.0,0.0,1.0,0.0,0.0,0.0,1.0,1.0,0.0,1.0,0.0,0.0,0.0,0.0,1.0,0.0,0.0,0.0,1.0,1.0,0.0,0.0,0.0,-1.3522468075656267,-0.411450286890989,1.0188354544779101,-0.7071067811865474,-1.002853072844814,1.2288834987419817,0.8916825827748316,-0.6630803430756688
105,0.0,1.0,0.0,1.0,0.0,0.0,1.0,1.0,0.0,1.0,0.0,0.0,1.0,0.0,0.0,0.0,0.0,1.0,0.0,1.0,0.0,0.0,0.0,0.7395099728874519,2.4304272760537486,1.0188354544779101,-0.7071067811865474,-1.002853072844814,-0.8808182303121718,-0.13478922762875384,-0.6630803430756688
106,0.0,1.0,1.0,0.0,1.0,0.0,0.0,1.0,0.0,1.0,0.0,0.0,1.0,0.0,0.0,0.0,0.0,0.0,1.0,0.0,1.0,0.0,0.0,0.7395099728874519,-0.411450286890989,-1.0052055487323863,-0.7071067811865474,-1.002853072844814,-0.8808182303121718,0.8916825827748316,0.3734189300478767
107,0.0,1.0,1.0,0.0,1.0,0.0,0.0,0.0,1.0,1.0,0.0,0.0,0.0,0.0,1.0,0.0,1.0,0.0,0.0,0.0,0.0,0.0,1.0,0.7395099728874519,-0.411450286890989,-1.0052055487323863,1.414213562373095,-1.002853072844814,1.2288834987419817,-1.1612610380323394,2.4464174762949673
108,0.0,1.0,1.0,0.0,0.0,0.0,1.0,0.0,1.0,0.0,1.0,0.0,1.0,0.0,0.0,0.0,1.0,0.0,0.0,1.0,0.0,0.0,0.0,0.7395099728874519,-0.411450286890989,1.0188354544779101,1.414213562373095,0.6894614875808096,-0.8808182303121718,-1.1612610380323394,-0.6630803430756688
109,0.0,1.0,1.0,0.0,1.0,0.0,0.0,1.0,0.0,1.0,0.0,0.0,1.0,0.0,0.0,0.0,0.0,0.0,1.0,0.0,1.0,0.0,0.0,0.7395099728874519,-0.411450286890989,-1.0052055487323863,-0.7071067811865474,-1.002853072844814,-0.8808182303121718,0.8916825827748316,0.3734189300478767
110,1.0,0.0,1.0,0.0,1.0,0.0,0.0,1.0,0.0,1.0,0.0,0.0,0.0,1.0,0.0,0.0,1.0,0.0,0.0,0.0,1.0,0.0,0.0,-1.3522468075656267,-0.411450286890989,-1.0052055487323863,-0.7071067811865474,-1.002853072844814,0.17403263421490495,-1.1612610380323394,0.3734189300478767
111,0.0,1.0,1.0,0.0,0.0,0.0,1.0,1.0,0.0,0.0,1.0,0.0,0.0,0.0,1.0,0.0,0.0,0.0,1.0,1.0,0.0,0.0,0.0,0.7395099728874519,-0.411450286890989,1.0188354544779101,-0.7071067811865474,0.6894614875808096,1.2288834987419817,0.8916825827748316,-0.6630803430756688
112,0.0,1.0,1.0,0.0,1.0,0.0,0.0,1.0,0.0,0.0,1.0,0.0,0.0,0.0,1.0,1.0,0.0,0.0,0.0,0.0,0.0,0.0,1.0,0.7395099728874519,-0.411450286890989,-1.0052055487323863,-0.7071067811865474,0.6894614875808096,1.2288834987419817,-2.1877328484359246,2.4464174762949673
113,0.0,1.0,1.0,0.0,0.0,0.0,1.0,1.0,0.0,0.0,1.0,0.0,1.0,0.0,0.0,0.0,1.0,0.0,0.0,1.0,0.0,0.0,0.0,0.7395099728874519,-0.411450286890989,1.0188354544779101,-0.7071067811865474,0.6894614875808096,-0.8808182303121718,-1.1612610380323394,-0.6630803430756688
114,1.0,0.0,1.0,0.0,1.0,0.0,0.0,1.0,0.0,1.0,0.0,0.0,0.0,0.0,1.0,0.0,0.0,0.0,1.0,1.0,0.0,0.0,0.0,-1.3522468075656267,-0.411450286890989,-1.0052055487323863,-0.7071067811865474,-1.002853072844814,1.2288834987419817,0.8916825827748316,-0.6630803430756688
115,0.0,1.0,1.0,0.0,0.0,1.0,0.0,0.0,1.0,1.0,0.0,0.0,0.0,0.0,1.0,0.0,1.0,0.0,0.0,0.0,0.0,1.0,0.0,0.7395099728874519,-0.411450286890989,0.0068149528727619105,1.414213562373095,-1.002853072844814,1.2288834987419817,-1.1612610380323394,1.4099182031714221
116,0.0,1.0,1.0,0.0,0.0,0.0,1.0,1.0,0.0,0.0,1.0,0.0,0.0,0.0,1.0,0.0,0.0,1.0,0.0,1.0,0.0,0.0,0.0,0.7395099728874519,-0.411450286890989,1.0188354544779101,-0.7071067811865474,0.6894614875808096,1.2288834987419817,-0.13478922762875384,-0.6630803430756688
117,0.0,1.0,1.0,0.0,0.0,0.0,1.0,1.0,0.0,0.0,1.0,0.0,1.0,0.0,0.0,0.0,1.0,0.0,0.0,1.0,0.0,0.0,0.0,0.7395099728874519,-0.411450286890989,1.0188354544779101,-0.7071067811865474,0.6894614875808096,-0.8808182303121718,-1.1612610380323394,-0.6630803430756688
118,0.0,1.0,1.0,0.0,0.0,0.0,1.0,1.0,0.0,1.0,0.0,0.0,1.0,0.0,0.0,0.0,0.0,1.0,0.0,1.0,0.0,0.0,0.0,0.7395099728874519,-0.411450286890989,1.0188354544779101,-0.7071067811865474,-1.002853072844814,-0.8808182303121718,-0.13478922762875384,-0.6630803430756688
119,1.0,0.0,1.0,0.0,0.0,0.0,1.0,1.0,0.0,1.0,0.0,0.0,0.0,0.0,1.0,0.0,0.0,0.0,1.0,1.0,0.0,0.0,0.0,-1.3522468075656267,-0.411450286890989,1.0188354544779101,-0.7071067811865474,-1.002853072844814,1.2288834987419817,0.8916825827748316,-0.6630803430756688
120,0.0,1.0,1.0,0.0,0.0,0.0,1.0,0.0,1.0,1.0,0.0,0.0,1.0,0.0,0.0,0.0,0.0,1.0,0.0,0.0,0.0,1.0,0.0,0.7395099728874519,-0.411450286890989,1.0188354544779101,1.414213562373095,-1.002853072844814,-0.8808182303121718,-0.13478922762875384,1.4099182031714221
121,1.0,0.0,1.0,0.0,1.0,0.0,0.0,1.0,0.0,0.0,1.0,0.0,0.0,0.0,1.0,0.0,1.0,0.0,0.0,0.0,0.0,1.0,0.0,-1.3522468075656267,-0.411450286890989,-1.0052055487323863,-0.7071067811865474,0.6894614875808096,1.2288834987419817,-1.1612610380323394,1.4099182031714221
122,0.0,1.0,0.0,1.0,1.0,0.0,0.0,1.0,0.0,0.0,1.0,0.0,1.0,0.0,0.0,0.0,0.0,0.0,1.0,0.0,0.0,1.0,0.0,0.7395099728874519,2.4304272760537486,-1.0052055487323863,-0.7071067811865474,0.6894614875808096,-0.8808182303121718,0.8916825827748316,1.4099182031714221
123,1.0,0.0,1.0,0.0,1.0,0.0,0.0,1.0,0.0,1.0,0.0,0.0,1.0,0.0,0.0,0.0,0.0,0.0,1.0,0.0,0.0,0.0,1.0,-1.3522468075656267,-0.411450286890989,-1.0052055487323863,-0.7071067811865474,-1.002853072844814,-0.8808182303121718,0.8916825827748316,2.4464174762949673
124,1.0,0.0,0.0,1.0,0.0,0.0,1.0,0.0,1.0,0.0,1.0,0.0,1.0,0.0,0.0,1.0,0.0,0.0,0.0,1.0,0.0,0.0,0.0,-1.3522468075656267,2.4304272760537486,1.0188354544779101,1.414213562373095,0.6894614875808096,-0.8808182303121718,-2.1877328484359246,-0.6630803430756688
125,0.0,1.0,1.0,0.0,1.0,0.0,0.0,0.0,1.0,0.0,1.0,0.0,1.0,0.0,0.0,0.0,0.0,0.0,1.0,1.0,0.0,0.0,0.0,0.7395099728874519,-0.411450286890989,-1.0052055487323863,1.414213562373095,0.6894614875808096,-0.8808182303121718,0.8916825827748316,-0.6630803430756688
126,0.0,1.0,0.0,1.0,0.0,0.0,1.0,0.0,1.0,1.0,0.0,0.0,1.0,0.0,0.0,0.0,0.0,0.0,1.0,1.0,0.0,0.0,0.0,0.7395099728874519,2.4304272760537486,1.0188354544779101,1.414213562373095,-1.002853072844814,-0.8808182303121718,0.8916825827748316,-0.6630803430756688
127,0.0,1.0,1.0,0.0,1.0,0.0,0.0,0.0,1.0,0.0,1.0,0.0,1.0,0.0,0.0,0.0,0.0,0.0,1.0,0.0,0.0,1.0,0.0,0.7395099728874519,-0.411450286890989,-1.0052055487323863,1.414213562373095,0.6894614875808096,-0.8808182303121718,0.8916825827748316,1.4099182031714221
128,1.0,0.0,1.0,0.0,1.0,0.0,0.0,0.0,1.0,0.0,1.0,0.0,1.0,0.0,0.0,0.0,0.0,0.0,1.0,1.0,0.0,0.0,0.0,-1.3522468075656267,-0.411450286890989,-1.0052055487323863,1.414213562373095,0.6894614875808096,-0.8808182303121718,0.8916825827748316,-0.6630803430756688
129,0.0,1.0,1.0,0.0,0.0,0.0,1.0,0.0,1.0,0.0,1.0,0.0,1.0,0.0,0.0,0.0,0.0,1.0,0.0,1.0,0.0,0.0,0.0,0.7395099728874519,-0.411450286890989,1.0188354544779101,1.414213562373095,0.6894614875808096,-0.8808182303121718,-0.13478922762875384,-0.6630803430756688
130,0.0,1.0,1.0,0.0,1.0,0.0,0.0,1.0,0.0,0.0,1.0,0.0,1.0,0.0,0.0,0.0,1.0,0.0,0.0,1.0,0.0,0.0,0.0,0.7395099728874519,-0.411450286890989,-1.0052055487323863,-0.7071067811865474,0.6894614875808096,-0.8808182303121718,-1.1612610380323394,-0.6630803430756688
131,0.0,1.0,1.0,0.0,1.0,0.0,0.0,1.0,0.0,0.0,1.0,0.0,0.0,0.0,1.0,0.0,0.0,0.0,1.0,1.0,0.0,0.0,0.0,0.7395099728874519,-0.411450286890989,-1.0052055487323863,-0.7071067811865474,0.6894614875808096,1.2288834987419817,0.8916825827748316,-0.6630803430756688
132,0.0,1.0,0.0,1.0,1.0,0.0,0.0,1.0,0.0,0.0,1.0,0.0,1.0,0.0,0.0,0.0,0.0,0.0,1.0,1.0,0.0,0.0,0.0,0.7395099728874519,2.4304272760537486,-1.0052055487323863,-0.7071067811865474,0.6894614875808096,-0.8808182303121718,0.8916825827748316,-0.6630803430756688
133,1.0,0.0,1.0,0.0,1.0,0.0,0.0,1.0,0.0,1.0,0.0,0.0,1.0,0.0,0.0,0.0,0.0,1.0,0.0,1.0,0.0,0.0,0.0,-1.3522468075656267,-0.411450286890989,-1.0052055487323863,-0.7071067811865474,-1.002853072844814,-0.8808182303121718,-0.13478922762875384,-0.6630803430756688
134,0.0,1.0,1.0,0.0,0.0,0.0,1.0,1.0,0.0,1.0,0.0,0.0,1.0,0.0,0.0,0.0,1.0,0.0,0.0,0.0,1.0,0.0,0.0,0.7395099728874519,-0.411450286890989,1.0188354544779101,-0.7071067811865474,-1.002853072844814,-0.8808182303121718,-1.1612610380323394,0.3734189300478767
135,0.0,1.0,0.0,1.0,0.0,0.0,1.0,0.0,1.0,0.0,1.0,0.0,0.0,1.0,0.0,0.0,0.0,0.0,1.0,0.0,0.0,1.0,0.0,0.7395099728874519,2.4304272760537486,1.0188354544779101,1.414213562373095,0.6894614875808096,0.17403263421490495,0.8916825827748316,1.4099182031714221
136,1.0,0.0,1.0,0.0,1.0,0.0,0.0,1.0,0.0,0.0,0.0,1.0,0.0,0.0,1.0,0.0,0.0,0.0,1.0,1.0,0.0,0.0,0.0,-1.3522468075656267,-0.411450286890989,-1.0052055487323863,-0.7071067811865474,2.3817760480064334,1.2288834987419817,0.8916825827748316,-0.6630803430756688
137,1.0,0.0,1.0,0.0,0.0,0.0,1.0,1.0,0.0,0.0,0.0,1.0,0.0,0.0,1.0,0.0,0.0,1.0,0.0,1.0,0.0,0.0,0.0,-1.3522468075656267,-0.411450286890989,1.0188354544779101,-0.7071067811865474,2.3817760480064334,1.2288834987419817,-0.13478922762875384,-0.6630803430756688
138,1.0,0.0,1.0,0.0,1.0,0.0,0.0,1.0,0.0,0.0,1.0,0.0,1.0,0.0,0.0,0.0,0.0,0.0,1.0,1.0,0.0,0.0,0.0,-1.3522468075656267,-0.411450286890989,-1.0052055487323863,-0.7071067811865474,0.6894614875808096,-0.8808182303121718,0.8916825827748316,-0.6630803430756688
139,0.0,1.0,1.0,0.0,0.0,0.0,1.0,1.0,0.0,1.0,0.0,0.0,0.0,0.0,1.0,0.0,0.0,1.0,0.0,1.0,0.0,0.0,0.0,0.7395099728874519,-0.411450286890989,1.0188354544779101,-0.7071067811865474,-1.002853072844814,1.2288834987419817,-0.13478922762875384,-0.6630803430756688
140,0.0,1.0,1.0,0.0,1.0,0.0,0.0,1.0,0.0,0.0,1.0,0.0,0.0,0.0,1.0,0.0,0.0,0.0,1.0,1.0,0.0,0.0,0.0,0.7395099728874519,-0.411450286890989,-1.0052055487323863,-0.7071067811865474,0.6894614875808096,1.2288834987419817,0.8916825827748316,-0.6630803430756688
141,0.0,1.0,1.0,0.0,1.0,0.0,0.0,1.0,0.0,0.0,1.0,0.0,1.0,0.0,0.0,0.0,0.0,0.0,1.0,0.0,1.0,0.0,0.0,0.7395099728874519,-0.411450286890989,-1.0052055487323863,-0.7071067811865474,0.6894614875808096,-0.8808182303121718,0.8916825827748316,0.3734189300478767
142,1.0,0.0,1.0,0.0,0.0,0.0,1.0,0.0,1.0,1.0,0.0,0.0,1.0,0.0,0.0,1.0,0.0,0.0,0.0,1.0,0.0,0.0,0.0,-1.3522468075656267,-0.411450286890989,1.0188354544779101,1.414213562373095,-1.002853072844814,-0.8808182303121718,-2.1877328484359246,-0.6630803430756688
143,1.0,0.0,1.0,0.0,1.0,0.0,0.0,1.0,0.0,0.0,1.0,0.0,0.0,0.0,1.0,1.0,0.0,0.0,0.0,0.0,0.0,0.0,1.0,-1.3522468075656267,-0.411450286890989,-1.0052055487323863,-0.7071067811865474,0.6894614875808096,1.2288834987419817,-2.1877328484359246,2.4464174762949673
144,0.0,1.0,1.0,0.0,1.0,0.0,0.0,1.0,0.0,1.0,0.0,0.0,1.0,0.0,0.0,0.0,1.0,0.0,0.0,0.0,0.0,1.0,0.0,0.7395099728874519,-0.411450286890989,-1.0052055487323863,-0.7071067811865474,-1.002853072844814,-0.8808182303121718,-1.1612610380323394,1.4099182031714221
145,1.0,0.0,1.0,0.0,1.0,0.0,0.0,0.0,1.0,1.0,0.0,0.0,1.0,0.0,0.0,0.0,0.0,1.0,0.0,1.0,0.0,0.0,0.0,-1.3522468075656267,-0.411450286890989,-1.0052055487323863,1.414213562373095,-1.002853072844814,-0.8808182303121718,-0.13478922762875384,-0.6630803430756688
146,0.0,1.0,1.0,0.0,1.0,0.0,0.0,0.0,1.0,1.0,0.0,0.0,0.0,0.0,1.0,0.0,1.0,0.0,0.0,1.0,0.0,0.0,0.0,0.7395099728874519,-0.411450286890989,-1.0052055487323863,1.414213562373095,-1.002853072844814,1.2288834987419817,-1.1612610380323394,-0.6630803430756688
147,0.0,1.0,1.0,0.0,0.0,0.0,1.0,1.0,0.0,0.0,1.0,0.0,0.0,0.0,1.0,0.0,0.0,1.0,0.0,0.0,0.0,1.0,0.0,0.7395099728874519,-0.411450286890989,1.0188354544779101,-0.7071067811865474,0.6894614875808096,1.2288834987419817,-0.13478922762875384,1.4099182031714221
148,1.0,0.0,1.0,0.0,1.0,0.0,0.0,0.0,1.0,1.0,0.0,0.0,0.0,0.0,1.0,0.0,0.0,1.0,0.0,1.0,0.0,0.0,0.0,-1.3522468075656267,-0.411450286890989,-1.0052055487323863,1.414213562373095,-1.002853072844814,1.2288834987419817,-0.13478922762875384,-0.6630803430756688
149,1.0,0.0,1.0,0.0,0.0,0.0,1.0,1.0,0.0,1.0,0.0,0.0,0.0,0.0,1.0,0.0,0.0,1.0,0.0,1.0,0.0,0.0,0.0,-1.3522468075656267,-0.411450286890989,1.0188354544779101,-0.7071067811865474,-1.002853072844814,1.2288834987419817,-0.13478922762875384,-0.6630803430756688
150,0.0,1.0,1.0,0.0,0.0,0.0,1.0,0.0,1.0,0.0,1.0,0.0,0.0,1.0,0.0,1.0,0.0,0.0,0.0,1.0,0.0,0.0,0.0,0.7395099728874519,-0.411450286890989,1.0188354544779101,1.414213562373095,0.6894614875808096,0.17403263421490495,-2.1877328484359246,-0.6630803430756688
151,0.0,1.0,1.0,0.0,0.0,0.0,1.0,0.0,1.0,0.0,1.0,0.0,1.0,0.0,0.0,0.0,1.0,0.0,0.0,1.0,0.0,0.0,0.0,0.7395099728874519,-0.411450286890989,1.0188354544779101,1.414213562373095,0.6894614875808096,-0.8808182303121718,-1.1612610380323394,-0.6630803430756688
152,0.0,1.0,1.0,0.0,1.0,0.0,0.0,1.0,0.0,0.0,1.0,0.0,1.0,0.0,0.0,0.0,0.0,1.0,0.0,1.0,0.0,0.0,0.0,0.7395099728874519,-0.411450286890989,-1.0052055487323863,-0.7071067811865474,0.6894614875808096,-0.8808182303121718,-0.13478922762875384,-0.6630803430756688
153,1.0,0.0,1.0,0.0,1.0,0.0,0.0,1.0,0.0,1.0,0.0,0.0,1.0,0.0,0.0,0.0,0.0,0.0,1.0,0.0,0.0,1.0,0.0,-1.3522468075656267,-0.411450286890989,-1.0052055487323863,-0.7071067811865474,-1.002853072844814,-0.8808182303121718,0.8916825827748316,1.4099182031714221
154,0.0,1.0,1.0,0.0,0.0,0.0,1.0,1.0,0.0,0.0,0.0,1.0,0.0,0.0,1.0,0.0,0.0,1.0,0.0,1.0,0.0,0.0,0.0,0.7395099728874519,-0.411450286890989,1.0188354544779101,-0.7071067811865474,2.3817760480064334,1.2288834987419817,-0.13478922762875384,-0.6630803430756688
155,0.0,1.0,1.0,0.0,0.0,0.0,1.0,1.0,0.0,1.0,0.0,0.0,1.0,0.0,0.0,0.0,0.0,0.0,1.0,0.0,1.0,0.0,0.0,0.7395099728874519,-0.411450286890989,1.0188354544779101,-0.7071067811865474,-1.002853072844814,-0.8808182303121718,0.8916825827748316,0.3734189300478767
156,0.0,1.0,1.0,0.0,0.0,0.0,1.0,1.0,0.0,0.0,0.0,1.0,0.0,1.0,0.0,0.0,0.0,1.0,0.0,0.0,1.0,0.0,0.0,0.7395099728874519,-0.411450286890989,1.0188354544779101,-0.7071067811865474,2.3817760480064334,0.17403263421490495,-0.13478922762875384,0.3734189300478767
157,0.0,1.0,1.0,0.0,0.0,0.0,1.0,1.0,0.0,1.0,0.0,0.0,1.0,0.0,0.0,0.0,0.0,0.0,1.0,1.0,0.0,0.0,0.0,0.7395099728874519,-0.411450286890989,1.0188354544779101,-0.7071067811865474,-1.002853072844814,-0.8808182303121718,0.8916825827748316,-0.6630803430756688
158,0.0,1.0,0.0,1.0,0.0,0.0,1.0,0.0,1.0,0.0,1.0,0.0,1.0,0.0,0.0,1.0,0.0,0.0,0.0,1.0,0.0,0.0,0.0,0.7395099728874519,2.4304272760537486,1.0188354544779101,1.414213562373095,0.6894614875808096,-0.8808182303121718,-2.1877328484359246,-0.6630803430756688
159,0.0,1.0,1.0,0.0,1.0,0.0,0.0,0.0,1.0,0.0,1.0,0.0,1.0,0.0,0.0,0.0,0.0,0.0,1.0,0.0,0.0,0.0,1.0,0.7395099728874519,-0.411450286890989,-1.0052055487323863,1.414213562373095,0.6894614875808096,-0.8808182303121718,0.8916825827748316,2.4464174762949673
160,0.0,1.0,1.0,0.0,0.0,0.0,1.0,1.0,0.0,0.0,1.0,0.0,1.0,0.0,0.0,0.0,0.0,0.0,1.0,0.0,0.0,1.0,0.0,0.7395099728874519,-0.411450286890989,1.0188354544779101,-0.7071067811865474,0.6894614875808096,-0.8808182303121718,0.8916825827748316,1.4099182031714221
161,1.0,0.0,1.0,0.0,1.0,0.0,0.0,0.0,1.0,1.0,0.0,0.0,1.0,0.0,0.0,0.0,0.0,1.0,0.0,1.0,0.0,0.0,0.0,-1.3522468075656267,-0.411450286890989,-1.0052055487323863,1.414213562373095,-1.002853072844814,-0.8808182303121718,-0.13478922762875384,-0.6630803430756688
162,0.0,1.0,0.0,1.0,1.0,0.0,0.0,1.0,0.0,1.0,0.0,0.0,1.0,0.0,0.0,0.0,1.0,0.0,0.0,0.0,1.0,0.0,0.0,0.7395099728874519,2.4304272760537486,-1.0052055487323863,-0.7071067811865474,-1.002853072844814,-0.8808182303121718,-1.1612610380323394,0.3734189300478767
163,0.0,1.0,0.0,1.0,1.0,0.0,0.0,1.0,0.0,1.0,0.0,0.0,1.0,0.0,0.0,0.0,0.0,0.0,1.0,1.0,0.0,0.0,0.0,0.7395099728874519,2.4304272760537486,-1.0052055487323863,-0.7071067811865474,-1.002853072844814,-0.8808182303121718,0.8916825827748316,-0.6630803430756688
164,0.0,1.0,1.0,0.0,1.0,0.0,0.0,1.0,0.0,1.0,0.0,0.0,0.0,0.0,1.0,0.0,0.0,0.0,1.0,0.0,1.0,0.0,0.0,0.7395099728874519,-0.411450286890989,-1.0052055487323863,-0.7071067811865474,-1.002853072844814,1.2288834987419817,0.8916825827748316,0.3734189300478767
165,1.0,0.0,0.0,1.0,0.0,0.0,1.0,1.0,0.0,1.0,0.0,0.0,1.0,0.0,0.0,0.0,1.0,0.0,0.0,1.0,0.0,0.0,0.0,-1.3522468075656267,2.4304272760537486,1.0188354544779101,-0.7071067811865474,-1.002853072844814,-0.8808182303121718,-1.1612610380323394,-0.6630803430756688
166,1.0,0.0,1.0,0.0,1.0,0.0,0.0,1.0,0.0,1.0,0.0,0.0,1.0,0.0,0.0,0.0,0.0,1.0,0.0,1.0,0.0,0.0,0.0,-1.3522468075656267,-0.411450286890989,-1.0052055487323863,-0.7071067811865474,-1.002853072844814,-0.8808182303121718,-0.13478922762875384,-0.6630803430756688
167,0.0,1.0,1.0,0.0,0.0,0.0,1.0,1.0,0.0,0.0,1.0,0.0,0.0,0.0,1.0,0.0,1.0,0.0,0.0,1.0,0.0,0.0,0.0,0.7395099728874519,-0.411450286890989,1.0188354544779101,-0.7071067811865474,0.6894614875808096,1.2288834987419817,-1.1612610380323394,-0.6630803430756688
168,0.0,1.0,1.0,0.0,0.0,0.0,1.0,0.0,1.0,0.0,1.0,0.0,0.0,0.0,1.0,0.0,1.0,0.0,0.0,0.0,1.0,0.0,0.0,0.7395099728874519,-0.411450286890989,1.0188354544779101,1.414213562373095,0.6894614875808096,1.2288834987419817,-1.1612610380323394,0.3734189300478767
169,0.0,1.0,1.0,0.0,1.0,0.0,0.0,0.0,1.0,0.0,1.0,0.0,0.0,0.0,1.0,0.0,1.0,0.0,0.0,0.0,0.0,1.0,0.0,0.7395099728874519,-0.411450286890989,-1.0052055487323863,1.414213562373095,0.6894614875808096,1.2288834987419817,-1.1612610380323394,1.4099182031714221
170,0.0,1.0,0.0,1.0,0.0,0.0,1.0,0.0,1.0,1.0,0.0,0.0,1.0,0.0,0.0,1.0,0.0,0.0,0.0,0.0,1.0,0.0,0.0,0.7395099728874519,2.4304272760537486,1.0188354544779101,1.414213562373095,-1.002853072844814,-0.8808182303121718,-2.1877328484359246,0.3734189300478767
171,0.0,1.0,1.0,0.0,1.0,0.0,0.0,0.0,1.0,0.0,1.0,0.0,0.0,1.0,0.0,0.0,0.0,0.0,1.0,1.0,0.0,0.0,0.0,0.7395099728874519,-0.411450286890989,-1.0052055487323863,1.414213562373095,0.6894614875808096,0.17403263421490495,0.8916825827748316,-0.6630803430756688
172,1.0,0.0,1.0,0.0,0.0,0.0,1.0,1.0,0.0,1.0,0.0,0.0,1.0,0.0,0.0,1.0,0.0,0.0,0.0,0.0,0.0,1.0,0.0,-1.3522468075656267,-0.411450286890989,1.0188354544779101,-0.7071067811865474,-1.002853072844814,-0.8808182303121718,-2.1877328484359246,1.4099182031714221
173,1.0,0.0,1.0,0.0,1.0,0.0,0.0,1.0,0.0,1.0,0.0,0.0,1.0,0.0,0.0,0.0,0.0,1.0,0.0,1.0,0.0,0.0,0.0,-1.3522468075656267,-0.411450286890989,-1.0052055487323863,-0.7071067811865474,-1.002853072844814,-0.8808182303121718,-0.13478922762875384,-0.6630803430756688
174,1.0,0.0,1.0,0.0,1.0,0.0,0.0,0.0,1.0,1.0,0.0,0.0,1.0,0.0,0.0,0.0,0.0,1.0,0.0,1.0,0.0,0.0,0.0,-1.3522468075656267,-0.411450286890989,-1.0052055487323863,1.414213562373095,-1.002853072844814,-0.8808182303121718,-0.13478922762875384,-0.6630803430756688
175,1.0,0.0,0.0,1.0,1.0,0.0,0.0,1.0,0.0,1.0,0.0,0.0,1.0,0.0,0.0,0.0,1.0,0.0,0.0,1.0,0.0,0.0,0.0,-1.3522468075656267,2.4304272760537486,-1.0052055487323863,-0.7071067811865474,-1.002853072844814,-0.8808182303121718,-1.1612610380323394,-0.6630803430756688
176,1.0,0.0,1.0,0.0,0.0,0.0,1.0,0.0,1.0,1.0,0.0,0.0,0.0,0.0,1.0,0.0,0.0,0.0,1.0,0.0,0.0,1.0,0.0,-1.3522468075656267,-0.411450286890989,1.0188354544779101,1.414213562373095,-1.002853072844814,1.2288834987419817,0.8916825827748316,1.4099182031714221
177,0.0,1.0,1.0,0.0,0.0,0.0,1.0,0.0,1.0,0.0,1.0,0.0,1.0,0.0,0.0,1.0,0.0,0.0,0.0,0.0,0.0,0.0,1.0,0.7395099728874519,-0.411450286890989,1.0188354544779101,1.414213562373095,0.6894614875808096,-0.8808182303121718,-2.1877328484359246,2.4464174762949673
178,0.0,1.0,1.0,0.0,1.0,0.0,0.0,1.0,0.0,0.0,1.0,0.0,0.0,0.0,1.0,0.0,0.0,1.0,0.0,0.0,1.0,0.0,0.0,0.7395099728874519,-0.411450286890989,-1.0052055487323863,-0.7071067811865474,0.6894614875808096,1.2288834987419817,-0.13478922762875384,0.3734189300478767
179,1.0,0.0,1.0,0.0,1.0,0.0,0.0,1.0,0.0,1.0,0.0,0.0,1.0,0.0,0.0,0.0,0.0,0.0,1.0,0.0,0.0,1.0,0.0,-1.3522468075656267,-0.411450286890989,-1.0052055487323863,-0.7071067811865474,-1.002853072844814,-0.8808182303121718,0.8916825827748316,1.4099182031714221
180,0.0,1.0,1.0,0.0,1.0,0.0,0.0,1.0,0.0,1.0,0.0,0.0,0.0,1.0,0.0,0.0,1.0,0.0,0.0,0.0,1.0,0.0,0.0,0.7395099728874519,-0.411450286890989,-1.0052055487323863,-0.7071067811865474,-1.002853072844814,0.17403263421490495,-1.1612610380323394,0.3734189300478767
181,1.0,0.0,0.0,1.0,0.0,0.0,1.0,0.0,1.0,0.0,1.0,0.0,1.0,0.0,0.0,0.0,0.0,0.0,1.0,0.0,1.0,0.0,0.0,-1.3522468075656267,2.4304272760537486,1.0188354544779101,1.414213562373095,0.6894614875808096,-0.8808182303121718,0.8916825827748316,0.3734189300478767
182,0.0,1.0,1.0,0.0,1.0,0.0,0.0,1.0,0.0,1.0,0.0,0.0,0.0,0.0,1.0,0.0,1.0,0.0,0.0,1.0,0.0,0.0,0.0,0.7395099728874519,-0.411450286890989,-1.0052055487323863,-0.7071067811865474,-1.002853072844814,1.2288834987419817,-1.1612610380323394,-0.6630803430756688
183,1.0,0.0,1.0,0.0,0.0,0.0,1.0,0.0,1.0,0.0,1.0,0.0,1.0,0.0,0.0,0.0,0.0,1.0,0.0,1.0,0.0,0.0,0.0,-1.3522468075656267,-0.411450286890989,1.0188354544779101,1.414213562373095,0.6894614875808096,-0.8808182303121718,-0.13478922762875384,-0.6630803430756688
184,1.0,0.0,0.0,1.0,1.0,0.0,0.0,0.0,1.0,1.0,0.0,0.0,0.0,0.0,1.0,0.0,0.0,0.0,1.0,0.0,1.0,0.0,0.0,-1.3522468075656267,2.4304272760537486,-1.0052055487323863,1.414213562373095,-1.002853072844814,1.2288834987419817,0.8916825827748316,0.3734189300478767
185,0.0,1.0,1.0,0.0,0.0,0.0,1.0,0.0,1.0,0.0,1.0,0.0,0.0,0.0,1.0,0.0,1.0,0.0,0.0,1.0,0.0,0.0,0.0,0.7395099728874519,-0.411450286890989,1.0188354544779101,1.414213562373095,0.6894614875808096,1.2288834987419817,-1.1612610380323394,-0.6630803430756688
186,0.0,1.0,0.0,1.0,0.0,0.0,1.0,1.0,0.0,1.0,0.0,0.0,1.0,0.0,0.0,0.0,0.0,1.0,0.0,1.0,0.0,0.0,0.0,0.7395099728874519,2.4304272760537486,1.0188354544779101,-0.7071067811865474,-1.002853072844814,-0.8808182303121718,-0.13478922762875384,-0.6630803430756688
187,0.0,1.0,0.0,1.0,1.0,0.0,0.0,0.0,1.0,0.0,1.0,0.0,0.0,0.0,1.0,0.0,0.0,1.0,0.0,1.0,0.0,0.0,0.0,0.7395099728874519,2.4304272760537486,-1.0052055487323863,1.414213562373095,0.6894614875808096,1.2288834987419817,-0.13478922762875384,-0.6630803430756688
188,0.0,1.0,1.0,0.0,1.0,0.0,0.0,1.0,0.0,1.0,0.0,0.0,1.0,0.0,0.0,0.0,1.0,0.0,0.0,0.0,0.0,0.0,1.0,0.7395099728874519,-0.411450286890989,-1.0052055487323863,-0.7071067811865474,-1.002853072844814,-0.8808182303121718,-1.1612610380323394,2.4464174762949673
189,0.0,1.0,0.0,1.0,1.0,0.0,0.0,0.0,1.0,0.0,1.0,0.0,1.0,0.0,0.0,0.0,0.0,1.0,0.0,0.0,1.0,0.0,0.0,0.7395099728874519,2.4304272760537486,-1.0052055487323863,1.414213562373095,0.6894614875808096,-0.8808182303121718,-0.13478922762875384,0.3734189300478767
190,0.0,1.0,0.0,1.0,0.0,0.0,1.0,1.0,0.0,0.0,1.0,0.0,0.0,0.0,1.0,0.0,0.0,1.0,0.0,1.0,0.0,0.0,0.0,0.7395099728874519,2.4304272760537486,1.0188354544779101,-0.7071067811865474,0.6894614875808096,1.2288834987419817,-0.13478922762875384,-0.6630803430756688
191,0.0,1.0,1.0,0.0,0.0,0.0,1.0,1.0,0.0,0.0,1.0,0.0,0.0,0.0,1.0,0.0,0.0,0.0,1.0,1.0,0.0,0.0,0.0,0.7395099728874519,-0.411450286890989,1.0188354544779101,-0.7071067811865474,0.6894614875808096,1.2288834987419817,0.8916825827748316,-0.6630803430756688
192,0.0,1.0,1.0,0.0,0.0,0.0,1.0,0.0,1.0,1.0,0.0,0.0,1.0,0.0,0.0,0.0,0.0,0.0,1.0,1.0,0.0,0.0,0.0,0.7395099728874519,-0.411450286890989,1.0188354544779101,1.414213562373095,-1.002853072844814,-0.8808182303121718,0.8916825827748316,-0.6630803430756688
193,0.0,1.0,1.0,0.0,1.0,0.0,0.0,0.0,1.0,0.0,1.0,0.0,1.0,0.0,0.0,0.0,0.0,1.0,0.0,1.0,0.0,0.0,0.0,0.7395099728874519,-0.411450286890989,-1.0052055487323863,1.414213562373095,0.6894614875808096,-0.8808182303121718,-0.13478922762875384,-0.6630803430756688
194,1.0,0.0,1.0,0.0,0.0,0.0,1.0,1.0,0.0,0.0,1.0,0.0,1.0,0.0,0.0,0.0,0.0,0.0,1.0,0.0,1.0,0.0,0.0,-1.3522468075656267,-0.411450286890989,1.0188354544779101,-0.7071067811865474,0.6894614875808096,-0.8808182303121718,0.8916825827748316,0.3734189300478767
195,1.0,0.0,1.0,0.0,1.0,0.0,0.0,1.0,0.0,0.0,1.0,0.0,1.0,0.0,0.0,0.0,0.0,0.0,1.0,0.0,1.0,0.0,0.0,-1.3522468075656267,-0.411450286890989,-1.0052055487323863,-0.7071067811865474,0.6894614875808096,-0.8808182303121718,0.8916825827748316,0.3734189300478767
196,1.0,0.0,1.0,0.0,0.0,0.0,1.0,1.0,0.0,0.0,0.0,1.0,0.0,0.0,1.0,0.0,1.0,0.0,0.0,1.0,0.0,0.0,0.0,-1.3522468075656267,-0.411450286890989,1.0188354544779101,-0.7071067811865474,2.3817760480064334,1.2288834987419817,-1.1612610380323394,-0.6630803430756688
197,0.0,1.0,1.0,0.0,1.0,0.0,0.0,1.0,0.0,1.0,0.0,0.0,1.0,0.0,0.0,0.0,0.0,1.0,0.0,0.0,1.0,0.0,0.0,0.7395099728874519,-0.411450286890989,-1.0052055487323863,-0.7071067811865474,-1.002853072844814,-0.8808182303121718,-0.13478922762875384,0.3734189300478767
198,0.0,1.0,1.0,0.0,1.0,0.0,0.0,1.0,0.0,0.0,1.0,0.0,0.0,1.0,0.0,0.0,0.0,1.0,0.0,0.0,0.0,0.0,1.0,0.7395099728874519,-0.411450286890989,-1.0052055487323863,-0.7071067811865474,0.6894614875808096,0.17403263421490495,-0.13478922762875384,2.4464174762949673
199,0.0,1.0,1.0,0.0,1.0,0.0,0.0,1.0,0.0,1.0,0.0,0.0,0.0,0.0,1.0,1.0,0.0,0.0,0.0,1.0,0.0,0.0,0.0,0.7395099728874519,-0.411450286890989,-1.0052055487323863,-0.7071067811865474,-1.002853072844814,1.2288834987419817,-2.1877328484359246,-0.6630803430756688
200,1.0,0.0,1.0,0.0,1.0,0.0,0.0,1.0,0.0,0.0,1.0,0.0,1.0,0.0,0.0,0.0,0.0,0.0,1.0,1.0,0.0,0.0,0.0,-1.3522468075656267,-0.411450286890989,-1.0052055487323863,-0.7071067811865474,0.6894614875808096,-0.8808182303121718,0.8916825827748316,-0.6630803430756688
201,0.0,1.0,1.0,0.0,0.0,0.0,1.0,0.0,1.0,1.0,0.0,0.0,1.0,0.0,0.0,0.0,0.0,0.0,1.0,0.0,1.0,0.0,0.0,0.7395099728874519,-0.411450286890989,1.0188354544779101,1.414213562373095,-1.002853072844814,-0.8808182303121718,0.8916825827748316,0.3734189300478767
202,0.0,1.0,1.0,0.0,1.0,0.0,0.0,1.0,0.0,0.0,1.0,0.0,0.0,0.0,1.0,0.0,0.0,0.0,1.0,1.0,0.0,0.0,0.0,0.7395099728874519,-0.411450286890989,-1.0052055487323863,-0.7071067811865474,0.6894614875808096,1.2288834987419817,0.8916825827748316,-0.6630803430756688
203,0.0,1.0,0.0,1.0,0.0,0.0,1.0,1.0,0.0,0.0,1.0,0.0,1.0,0.0,0.0,0.0,0.0,0.0,1.0,1.0,0.0,0.0,0.0,0.7395099728874519,2.4304272760537486,1.0188354544779101,-0.7071067811865474,0.6894614875808096,-0.8808182303121718,0.8916825827748316,-0.6630803430756688
204,0.0,1.0,1.0,0.0,1.0,0.0,0.0,1.0,0.0,0.0,1.0,0.0,1.0,0.0,0.0,0.0,1.0,0.0,0.0,0.0,1.0,0.0,0.0,0.7395099728874519,-0.411450286890989,-1.0052055487323863,-0.7071067811865474,0.6894614875808096,-0.8808182303121718,-1.1612610380323394,0.3734189300478767
205,0.0,1.0,1.0,0.0,0.0,1.0,0.0,1.0,0.0,1.0,0.0,0.0,0.0,1.0,0.0,0.0,0.0,0.0,1.0,0.0,1.0,0.0,0.0,0.7395099728874519,-0.411450286890989,0.0068149528727619105,-0.7071067811865474,-1.002853072844814,0.17403263421490495,0.8916825827748316,0.3734189300478767
206,1.0,0.0,1.0,0.0,0.0,0.0,1.0,1.0,0.0,1.0,0.0,0.0,1.0,0.0,0.0,0.0,0.0,1.0,0.0,1.0,0.0,0.0,0.0,-1.3522468075656267,-0.411450286890989,1.0188354544779101,-0.7071067811865474,-1.002853072844814,-0.8808182303121718,-0.13478922762875384,-0.6630803430756688
